[{"id":"user-image-jtjtjtjuy-min.jpg","publicUrl":"np://user.desktop.nicepage.com/Site_472219286/images/jtjtjtjuy-min.jpg","size":217445,"hash":"8IOy9t7OPmnTQqSlF9CDzQpPioA=","fileName":"jtjtjtjuy-min.jpg","name":"jtjtjtjuy-min","width":1980,"height":1320,"thumbnail":{"url":"np://user.desktop.nicepage.com/Site_472219286/images/thumbnails/jtjtjtjuy-min.jpg","width":250,"height":167},"originalUrl":"//images03.nicepage.com/c461c07a441a5d220e8feb1a/2623c3b39a2a545eaabf1720/jtjtjtjuy-min.jpg","usages":["84898538"]},{"id":"user-image-44d5d282-18f7-4295-9493-b2865af9bf3d.jpg","publicUrl":"np://user.desktop.nicepage.com/Site_472219286/images/44d5d282-18f7-4295-9493-b2865af9bf3d.jpg","size":83322,"hash":"hawInZ+/BAgt8u2kx61i0UtWaHI=","fileName":"44d5d282-18f7-4295-9493-b2865af9bf3d.jpg","name":"44d5d282-18f7-4295-9493-b2865af9bf3d","width":1000,"height":876,"thumbnail":{"url":"np://user.desktop.nicepage.com/Site_472219286/images/thumbnails/44d5d282-18f7-4295-9493-b2865af9bf3d.jpg","width":250,"height":219},"originalUrl":"//images01.nicepage.com/c461c07a441a5d220e8feb1a/52d82c5900df5c6e8686dcd1/44d5d282-18f7-4295-9493-b2865af9bf3d.jpg","usages":["84898538"]},{"id":"user-image-dgrt-min.jpg","publicUrl":"np://user.desktop.nicepage.com/Site_472219286/images/dgrt-min.jpg","size":67103,"hash":"dYwX7p6quHd+PeXapkvoRmUftl8=","fileName":"dgrt-min.jpg","name":"dgrt-min","width":800,"height":766,"thumbnail":{"url":"np://user.desktop.nicepage.com/Site_472219286/images/thumbnails/dgrt-min.jpg","width":250,"height":239},"originalUrl":"//images01.nicepage.com/c461c07a441a5d220e8feb1a/63e47b4c0f7858f381525540/dgrt-min.jpg","usages":["84898538"]},{"id":"user-image-44720b5f-d674-4089-b6ec-12c44ea13947.jpg","publicUrl":"np://user.desktop.nicepage.com/Site_472219286/images/44720b5f-d674-4089-b6ec-12c44ea13947.jpg","size":115315,"hash":"+TjP0K3BD9w1MFBHH5pM8CY/IOk=","fileName":"44720b5f-d674-4089-b6ec-12c44ea13947.jpg","name":"44720b5f-d674-4089-b6ec-12c44ea13947","width":720,"height":1080,"thumbnail":{"url":"np://user.desktop.nicepage.com/Site_472219286/images/thumbnails/44720b5f-d674-4089-b6ec-12c44ea13947.jpg","width":167,"height":250},"originalUrl":"//images01.nicepage.com/c461c07a441a5d220e8feb1a/d6c11a21917b552d9ffb48bc/44720b5f-d674-4089-b6ec-12c44ea13947.jpg","usages":["84898538"]},{"id":"user-image-1828743.png","publicUrl":"np://user.desktop.nicepage.com/Site_472219286/images/1828743.png","size":1116,"hash":"bToIeyupIJCZbBC+UEQFQx3thTw=","fileName":"1828743.png","name":"1828743","width":128,"height":128,"thumbnail":{"url":"np://user.desktop.nicepage.com/Site_472219286/images/thumbnails/1828743.png","width":128,"height":128,"length":1116,"type":"png"},"originalUrl":"//images01.nicepage.com/a1389d7bc73adea1e1c1fb7e/95fb26f30c9856cf8fdb22fb/1828743.png","usages":["84898538"]},{"id":"user-image-2087858.png","publicUrl":"np://user.desktop.nicepage.com/Site_472219286/images/2087858.png","size":1623,"hash":"+HdUJ67nAnKbVTqCB+G9ikskUX4=","fileName":"2087858.png","name":"2087858","width":128,"height":128,"thumbnail":{"url":"np://user.desktop.nicepage.com/Site_472219286/images/thumbnails/2087858.png","width":128,"height":128,"length":1623,"type":"png"},"originalUrl":"//images01.nicepage.com/c461c07a441a5d220e8feb1a/74ff49e6894b5358b484b254/2087858.png","usages":["84898538"]},{"id":"user-image-6667572.png","publicUrl":"np://user.desktop.nicepage.com/Site_472219286/images/6667572.png","size":7879,"hash":"BRHBJBSxPcYm72t6vlzJ7IpUZeU=","fileName":"6667572.png","name":"6667572","width":128,"height":128,"thumbnail":{"url":"np://user.desktop.nicepage.com/Site_472219286/images/thumbnails/6667572.png","width":128,"height":128,"length":7879,"type":"png"},"usages":["84898538","1228709385"]},{"id":"user-image-2977872.png","publicUrl":"np://user.desktop.nicepage.com/Site_472219286/images/2977872.png","size":6069,"hash":"Z6AedllpetzkD85uS88GqWv5RMY=","fileName":"2977872.png","name":"2977872","width":128,"height":128,"thumbnail":{"url":"np://user.desktop.nicepage.com/Site_472219286/images/thumbnails/2977872.png","width":128,"height":128,"length":6069,"type":"png"},"usages":["84898538","1228709385"]},{"id":"user-image-5610944.png","publicUrl":"np://user.desktop.nicepage.com/Site_472219286/images/5610944.png","size":4701,"hash":"OGfq/bjI/7NrcW8YLnEAgIV5d2c=","fileName":"5610944.png","name":"5610944","width":128,"height":128,"thumbnail":{"url":"np://user.desktop.nicepage.com/Site_472219286/images/thumbnails/5610944.png","width":128,"height":128,"length":4701,"type":"png"},"usages":["84898538","1228709385"]},{"id":"user-image-10309411.png","publicUrl":"np://user.desktop.nicepage.com/Site_472219286/images/10309411.png","size":2140,"hash":"I5vb1EYHTBLA0KQ+k2nfERXXnL4=","fileName":"10309411.png","name":"10309411","width":128,"height":128,"thumbnail":{"url":"np://user.desktop.nicepage.com/Site_472219286/images/thumbnails/10309411.png","width":128,"height":128,"length":2140,"type":"png"},"usages":["84898538","1228709385"]},{"id":"user-image-33308.png","publicUrl":"np://user.desktop.nicepage.com/Site_472219286/images/33308.png","size":2927,"hash":"h7l0VQRJl7RhxxqOQyHWpa4NP5c=","fileName":"33308.png","name":"33308","width":128,"height":128,"thumbnail":{"url":"np://user.desktop.nicepage.com/Site_472219286/images/thumbnails/33308.png","width":128,"height":128,"length":2927,"type":"png"},"usages":["84898538","1228709385"]},{"id":"user-image-1827295.png","publicUrl":"np://user.desktop.nicepage.com/Site_472219286/images/1827295.png","size":4031,"hash":"Zz1IstVkNLgRGbqz7wZgwZIpJmo=","fileName":"1827295.png","name":"1827295","width":128,"height":128,"thumbnail":{"url":"np://user.desktop.nicepage.com/Site_472219286/images/thumbnails/1827295.png","width":128,"height":128,"length":4031,"type":"png"},"usages":["84898538","1228709385"]},{"id":"user-image-3670051.png","publicUrl":"np://user.desktop.nicepage.com/Site_472219286/images/3670051.png","size":6898,"hash":"I8mxbWPTY9+RetHS+SCNBNNzGM8=","fileName":"3670051.png","name":"3670051","width":128,"height":128,"thumbnail":{"url":"np://user.desktop.nicepage.com/Site_472219286/images/thumbnails/3670051.png","width":128,"height":128,"length":6898,"type":"png"},"usages":["84898538"]},{"id":"user-image-758032.png","publicUrl":"np://user.desktop.nicepage.com/Site_472219286/images/758032.png","size":4738,"hash":"iRU/T1NvKggVCeCv8IIB4Uyyxwc=","fileName":"758032.png","name":"758032","width":128,"height":128,"thumbnail":{"url":"np://user.desktop.nicepage.com/Site_472219286/images/thumbnails/758032.png","width":128,"height":128,"length":4738,"type":"png"},"usages":["84898538"]},{"id":"user-image-4288885.png","publicUrl":"np://user.desktop.nicepage.com/Site_472219286/images/4288885.png","size":4798,"hash":"E/XE5tDzCNH5d59zKeeyChg9B8w=","fileName":"4288885.png","name":"4288885","width":128,"height":128,"thumbnail":{"url":"np://user.desktop.nicepage.com/Site_472219286/images/thumbnails/4288885.png","width":128,"height":128,"length":4798,"type":"png"},"usages":["84898538"]},{"id":"user-image-Greentickverification2.jpeg","publicUrl":"np://user.desktop.nicepage.com/Site_472219286/images/Greentickverification2.jpeg","size":51136,"hash":"rrEmVBCW29xTOyK4rtOpmcDd5uE=","fileName":"Greentickverification2.jpeg","name":"Greentickverification2","width":625,"height":380,"thumbnail":{"url":"np://user.desktop.nicepage.com/Site_472219286/images/thumbnails/Greentickverification2.jpeg","width":250,"height":152},"usages":["84898538","1228709385"]},{"id":"user-image-marketing.jpg","publicUrl":"np://user.desktop.nicepage.com/Site_472219286/images/marketing.jpg","size":373084,"hash":"v4PANXN/bzrD6j/N5B3ApDyZxaE=","fileName":"marketing.jpg","name":"marketing","width":1667,"height":1000,"thumbnail":{"url":"np://user.desktop.nicepage.com/Site_472219286/images/thumbnails/marketing.jpg","width":250,"height":150},"usages":["84898538"]},{"id":"user-image-Logo_SP.jpg","publicUrl":"np://user.desktop.nicepage.com/Site_472219286/images/Logo_SP.jpg","size":14976,"hash":"jMyAX763WWdIQ/XWLparA+r8Sx0=","fileName":"Logo_SP.jpg","name":"Logo_SP","width":192,"height":209,"thumbnail":{"url":"np://user.desktop.nicepage.com/Site_472219286/images/thumbnails/Logo_SP.jpg","height":209,"width":192,"length":14976,"type":"jpg"},"usages":[]},{"id":"user-image-67.png","publicUrl":"np://user.desktop.nicepage.com/Site_472219286/images/67.png","size":40486,"hash":"6XCnflzhqMXDCukg81gV/vu9KD8=","fileName":"67.png","name":"67","width":460,"height":601,"thumbnail":{"url":"np://user.desktop.nicepage.com/Site_472219286/images/thumbnails/67.png","width":191,"height":250},"originalUrl":"//images01.nicepagecdn.com/a1389d7bc73adea1e1c1fb7e/5888355380a552e38d1eb549/67.png","usages":["3041306182"]},{"id":"user-image-12.png","publicUrl":"np://user.desktop.nicepage.com/Site_472219286/images/12.png","size":46487,"hash":"HSoVp8wHFnAHxNYs+nUo9hL7Psk=","fileName":"12.png","name":"12","width":691,"height":527,"thumbnail":{"url":"np://user.desktop.nicepage.com/Site_472219286/images/thumbnails/12.png","width":250,"height":191},"originalUrl":"//images01.nicepagecdn.com/a1389d7bc73adea1e1c1fb7e/4c00872cbb1352389f15c2a5/12.png","usages":["3041306182"]},{"id":"user-image-35860634_8346234.png","publicUrl":"np://user.desktop.nicepage.com/Site_472219286/images/35860634_8346234.png","size":82135,"hash":"x6fzMep4xdypUPwLBGhfyASOL1Y=","fileName":"35860634_8346234.png","name":"35860634_8346234","width":856,"height":1590,"thumbnail":{"url":"np://user.desktop.nicepage.com/Site_472219286/images/thumbnails/35860634_8346234.png","width":135,"height":250},"originalUrl":"//images01.nicepagecdn.com/a1389d7bc73adea1e1c1fb7e/f6f19b77a9bb53caaae18a09/35860634_8346234.png","usages":["3041306182"]},{"id":"user-image-271226.png","publicUrl":"np://user.desktop.nicepage.com/Site_472219286/images/271226.png","size":989,"hash":"9VpD8glZ6oN8kJPleEs+WH4QudA=","fileName":"271226.png","name":"271226","width":128,"height":128,"thumbnail":{"url":"np://user.desktop.nicepage.com/Site_472219286/images/thumbnails/271226.png","width":128,"height":128,"length":989,"type":"png"},"originalUrl":"//images01.nicepagecdn.com/a1389d7bc73adea1e1c1fb7e/c8c5e635f61e567ea5b6d257/271226.png","usages":["3041306182"]},{"id":"user-image-646094.png","publicUrl":"np://user.desktop.nicepage.com/Site_472219286/images/646094.png","size":2920,"hash":"D4R2eI+UniH8DFN5GIjVyvdbvvY=","fileName":"646094.png","name":"646094","width":128,"height":128,"thumbnail":{"url":"np://user.desktop.nicepage.com/Site_472219286/images/thumbnails/646094.png","width":128,"height":128,"length":2920,"type":"png"},"originalUrl":"//images01.nicepagecdn.com/c461c07a441a5d220e8feb1a/0f93b8c989d653229f7e203c/646094.png","usages":["3041306182","75168578"]},{"id":"user-image-2838912.png","publicUrl":"np://user.desktop.nicepage.com/Site_472219286/images/2838912.png","size":3309,"hash":"h7/HH/0ZvnQq2pA81c0JVoTZC3o=","fileName":"2838912.png","name":"2838912","width":128,"height":128,"thumbnail":{"url":"np://user.desktop.nicepage.com/Site_472219286/images/thumbnails/2838912.png","width":128,"height":128,"length":3309,"type":"png"},"originalUrl":"//images01.nicepagecdn.com/c461c07a441a5d220e8feb1a/2a887ebcd4e254be83f2068a/2838912.png","usages":["3041306182"]},{"id":"user-image-8066424.png","publicUrl":"np://user.desktop.nicepage.com/Site_472219286/images/8066424.png","size":2789,"hash":"TuyL4PsNoTty7m/BkdT3G+8vCi0=","fileName":"8066424.png","name":"8066424","width":128,"height":128,"thumbnail":{"url":"np://user.desktop.nicepage.com/Site_472219286/images/thumbnails/8066424.png","width":128,"height":128,"length":2789,"type":"png"},"originalUrl":"//images01.nicepagecdn.com/c461c07a441a5d220e8feb1a/73e1c047a8945fe5a79563d6/8066424.png","usages":["3041306182"]},{"id":"user-image-d7773ae698587db72c5e2d6d448c014ddac50cc72e61a8ff95388bbd4fc0217b8ffa9b9766717775b330fea20c1ff6792d55374b18fdfdc53e8d21_1280.png","publicUrl":"np://user.desktop.nicepage.com/Site_472219286/images/d7773ae698587db72c5e2d6d448c014ddac50cc72e61a8ff95388bbd4fc0217b8ffa9b9766717775b330fea20c1ff6792d55374b18fdfdc53e8d21_1280.png","size":187927,"hash":"emDg6EphiWzA0Jcd99OgsQLP6EQ=","fileName":"d7773ae698587db72c5e2d6d448c014ddac50cc72e61a8ff95388bbd4fc0217b8ffa9b9766717775b330fea20c1ff6792d55374b18fdfdc53e8d21_1280.png","name":"d7773ae698587db72c5e2d6d448c014ddac50cc72e61a8ff95388bbd4fc0217b8ffa9b9766717775b330fea20c1ff6792d55374b18fdfdc53e8d21_1280","width":1264,"height":1280,"thumbnail":{"url":"np://user.desktop.nicepage.com/Site_472219286/images/thumbnails/d7773ae698587db72c5e2d6d448c014ddac50cc72e61a8ff95388bbd4fc0217b8ffa9b9766717775b330fea20c1ff6792d55374b18fdfdc53e8d21_1280.png","width":247,"height":250},"usages":["3041306182"]},{"id":"user-image-40701f106ecc5dcaa9482862dd9ba416d12ad24eca7d77adc24848a2450b35c7d86e2999d60286a6d31f3c87c5f1fca799463fa3ce061265930fc7_12801.png","publicUrl":"np://user.desktop.nicepage.com/Site_472219286/images/40701f106ecc5dcaa9482862dd9ba416d12ad24eca7d77adc24848a2450b35c7d86e2999d60286a6d31f3c87c5f1fca799463fa3ce061265930fc7_12801.png","size":80301,"hash":"rNq/t5J78qTxHxvCGorcPwWCW/c=","fileName":"40701f106ecc5dcaa9482862dd9ba416d12ad24eca7d77adc24848a2450b35c7d86e2999d60286a6d31f3c87c5f1fca799463fa3ce061265930fc7_12801.png","name":"40701f106ecc5dcaa9482862dd9ba416d12ad24eca7d77adc24848a2450b35c7d86e2999d60286a6d31f3c87c5f1fca799463fa3ce061265930fc7_12801","width":1280,"height":960,"thumbnail":{"url":"np://user.desktop.nicepage.com/Site_472219286/images/thumbnails/40701f106ecc5dcaa9482862dd9ba416d12ad24eca7d77adc24848a2450b35c7d86e2999d60286a6d31f3c87c5f1fca799463fa3ce061265930fc7_12801.png","width":250,"height":188},"usages":["3041306182"]},{"id":"user-image-d9e6125ea0c0114caa87b55935e839da9c57653c6131131ffd91834461d4bc99bbe8187141c6d02b01fd81f9f1036d63f6eff6c2decb7d941f1337_1280.jpg","publicUrl":"np://user.desktop.nicepage.com/Site_472219286/images/d9e6125ea0c0114caa87b55935e839da9c57653c6131131ffd91834461d4bc99bbe8187141c6d02b01fd81f9f1036d63f6eff6c2decb7d941f1337_1280.jpg","size":41516,"hash":"ZImwM5pSB+kM+0BuXfIdKghzyDc=","fileName":"d9e6125ea0c0114caa87b55935e839da9c57653c6131131ffd91834461d4bc99bbe8187141c6d02b01fd81f9f1036d63f6eff6c2decb7d941f1337_1280.jpg","name":"d9e6125ea0c0114caa87b55935e839da9c57653c6131131ffd91834461d4bc99bbe8187141c6d02b01fd81f9f1036d63f6eff6c2decb7d941f1337_1280","width":1280,"height":768,"thumbnail":{"url":"np://user.desktop.nicepage.com/Site_472219286/images/thumbnails/d9e6125ea0c0114caa87b55935e839da9c57653c6131131ffd91834461d4bc99bbe8187141c6d02b01fd81f9f1036d63f6eff6c2decb7d941f1337_1280.jpg","width":250,"height":150},"usages":["3041306182"]},{"id":"user-image-5b54cb14652ddc5126700f7f692685a2a7b480c86e0d5c1eef7e734bb2efb1ebd5af95ad48b4550b51a92475d2b41fd3b1779291f09bb339b93f7a_1280.jpg","publicUrl":"np://user.desktop.nicepage.com/Site_472219286/images/5b54cb14652ddc5126700f7f692685a2a7b480c86e0d5c1eef7e734bb2efb1ebd5af95ad48b4550b51a92475d2b41fd3b1779291f09bb339b93f7a_1280.jpg","size":57476,"hash":"j4eEhd+9fqvYBDkZIDc/mRzMkRQ=","fileName":"5b54cb14652ddc5126700f7f692685a2a7b480c86e0d5c1eef7e734bb2efb1ebd5af95ad48b4550b51a92475d2b41fd3b1779291f09bb339b93f7a_1280.jpg","name":"5b54cb14652ddc5126700f7f692685a2a7b480c86e0d5c1eef7e734bb2efb1ebd5af95ad48b4550b51a92475d2b41fd3b1779291f09bb339b93f7a_1280","width":1280,"height":853,"thumbnail":{"url":"np://user.desktop.nicepage.com/Site_472219286/images/thumbnails/5b54cb14652ddc5126700f7f692685a2a7b480c86e0d5c1eef7e734bb2efb1ebd5af95ad48b4550b51a92475d2b41fd3b1779291f09bb339b93f7a_1280.jpg","width":250,"height":167},"usages":["3041306182"]},{"id":"user-image-Foodhall.png","publicUrl":"np://user.desktop.nicepage.com/Site_472219286/images/Foodhall.png","size":3896,"hash":"dtDmwBQBXa34vtgvKfDoRDPnjkg=","fileName":"Foodhall.png","name":"Foodhall","width":225,"height":225,"thumbnail":{"url":"np://user.desktop.nicepage.com/Site_472219286/images/thumbnails/Foodhall.png","width":225,"height":225,"length":3896,"type":"png"},"usages":["3041306182"]},{"id":"user-image-Herovired.png","publicUrl":"np://user.desktop.nicepage.com/Site_472219286/images/Herovired.png","size":5388,"hash":"dfvrAHfzsRp/newGCE49rndgATQ=","fileName":"Herovired.png","name":"Herovired","width":308,"height":164,"thumbnail":{"url":"np://user.desktop.nicepage.com/Site_472219286/images/thumbnails/Herovired.png","width":250,"height":133},"usages":["3041306182"]},{"id":"user-image-htmedia.png","publicUrl":"np://user.desktop.nicepage.com/Site_472219286/images/htmedia.png","size":2729,"hash":"b+08L80JmNa8NWYSGDp9ZF3vu0s=","fileName":"htmedia.png","name":"htmedia","width":364,"height":138,"thumbnail":{"url":"np://user.desktop.nicepage.com/Site_472219286/images/thumbnails/htmedia.png","width":250,"height":95},"usages":["3041306182"]},{"id":"user-image-Sagarratna.jpeg","publicUrl":"np://user.desktop.nicepage.com/Site_472219286/images/Sagarratna.jpeg","size":4109,"hash":"4TAFyBJhuvx7E8gYVLN5ZhO5A9E=","fileName":"Sagarratna.jpeg","name":"Sagarratna","width":205,"height":246,"thumbnail":{"url":"np://user.desktop.nicepage.com/Site_472219286/images/thumbnails/Sagarratna.jpeg","height":246,"width":205,"length":4109,"type":"jpg"},"usages":["3041306182"]},{"id":"user-image-Hdfclife.png","publicUrl":"np://user.desktop.nicepage.com/Site_472219286/images/Hdfclife.png","size":5803,"hash":"KjEb98JjQDp5FHywdHpz0ueaBlQ=","fileName":"Hdfclife.png","name":"Hdfclife","width":280,"height":180,"thumbnail":{"url":"np://user.desktop.nicepage.com/Site_472219286/images/thumbnails/Hdfclife.png","width":250,"height":161},"usages":["3041306182"]},{"id":"user-image-communication-02.jpeg","publicUrl":"np://user.desktop.nicepage.com/Site_472219286/images/communication-02.jpeg","size":405757,"hash":"NJ/VHHC7Udu0lLn5h1AIJ/4j1Hw=","fileName":"communication-02.jpeg","name":"communication-02","width":1920,"height":1080,"thumbnail":{"url":"np://user.desktop.nicepage.com/Site_472219286/images/thumbnails/communication-02.jpeg","width":250,"height":141},"usages":["81577826","75168578"]},{"id":"user-image-whatsapp-business-banner-without-url.png","publicUrl":"np://user.desktop.nicepage.com/Site_472219286/images/whatsapp-business-banner-without-url.png","size":172120,"hash":"9w5EpDJyHLbJMtD3twzGIen73zA=","fileName":"whatsapp-business-banner-without-url.png","name":"whatsapp-business-banner-without-url","width":1920,"height":1080,"thumbnail":{"url":"np://user.desktop.nicepage.com/Site_472219286/images/thumbnails/whatsapp-business-banner-without-url.png","width":250,"height":141},"usages":["1228709385"]},{"id":"user-image-1412063.png","publicUrl":"np://user.desktop.nicepage.com/Site_472219286/images/1412063.png","size":4809,"hash":"AF1lK6BMG1YjJ9RXjFaRJsU8H8k=","fileName":"1412063.png","name":"1412063","width":128,"height":128,"thumbnail":{"url":"np://user.desktop.nicepage.com/Site_472219286/images/thumbnails/1412063.png","width":128,"height":128,"length":4809,"type":"png"},"originalUrl":"https://assets.nicepagecdn.com/d2cc3eaa/3854207/images/1412063.png","usages":["75168578"]},{"id":"user-image-2776293b06b2e6e6b2811781bb92f7360b2568e4393cb4643a9f1b1d0154780d7fc82202ac3fa81d0716b4c2ee7ee95fcbb0af28e9d93a8eb2d2c3_1280.jpg","publicUrl":"np://user.desktop.nicepage.com/Site_472219286/images/2776293b06b2e6e6b2811781bb92f7360b2568e4393cb4643a9f1b1d0154780d7fc82202ac3fa81d0716b4c2ee7ee95fcbb0af28e9d93a8eb2d2c3_1280.jpg","size":262753,"hash":"c7wOXnKVhJ2ZnZUOWsJSDefjSK4=","fileName":"2776293b06b2e6e6b2811781bb92f7360b2568e4393cb4643a9f1b1d0154780d7fc82202ac3fa81d0716b4c2ee7ee95fcbb0af28e9d93a8eb2d2c3_1280.jpg","name":"2776293b06b2e6e6b2811781bb92f7360b2568e4393cb4643a9f1b1d0154780d7fc82202ac3fa81d0716b4c2ee7ee95fcbb0af28e9d93a8eb2d2c3_1280","width":1280,"height":853,"thumbnail":{"url":"np://user.desktop.nicepage.com/Site_472219286/images/thumbnails/2776293b06b2e6e6b2811781bb92f7360b2568e4393cb4643a9f1b1d0154780d7fc82202ac3fa81d0716b4c2ee7ee95fcbb0af28e9d93a8eb2d2c3_1280.jpg","width":250,"height":167},"usages":["75168578"]},{"id":"user-image-4782351.png","publicUrl":"np://user.desktop.nicepage.com/Site_472219286/images/4782351.png","size":6942,"hash":"b+LXxD0KFjge4XwYR9kHyCJ6cwk=","fileName":"4782351.png","name":"4782351","width":128,"height":128,"thumbnail":{"url":"np://user.desktop.nicepage.com/Site_472219286/images/thumbnails/4782351.png","width":128,"height":128,"length":6942,"type":"png"},"usages":["75168578"]},{"id":"user-image-5412721.png","publicUrl":"np://user.desktop.nicepage.com/Site_472219286/images/5412721.png","size":6094,"hash":"FjH7IvBDXZIJxHNgbVFdW4iK88I=","fileName":"5412721.png","name":"5412721","width":128,"height":128,"thumbnail":{"url":"np://user.desktop.nicepage.com/Site_472219286/images/thumbnails/5412721.png","width":128,"height":128,"length":6094,"type":"png"},"usages":["75168578"]},{"id":"user-image-2728212.png","publicUrl":"np://user.desktop.nicepage.com/Site_472219286/images/2728212.png","size":2855,"hash":"I6kLioU+wf1kgrbEuuANywk1k9M=","fileName":"2728212.png","name":"2728212","width":128,"height":128,"thumbnail":{"url":"np://user.desktop.nicepage.com/Site_472219286/images/thumbnails/2728212.png","width":128,"height":128,"length":2855,"type":"png"},"usages":["75168578"]},{"id":"user-image-3472620.png","publicUrl":"np://user.desktop.nicepage.com/Site_472219286/images/3472620.png","size":4337,"hash":"aghs8SjoNb2wNC3GKmZ1VGZMc9I=","fileName":"3472620.png","name":"3472620","width":128,"height":128,"thumbnail":{"url":"np://user.desktop.nicepage.com/Site_472219286/images/thumbnails/3472620.png","width":128,"height":128,"length":4337,"type":"png"},"usages":["75168578"]},{"id":"user-image-10210793.png","publicUrl":"np://user.desktop.nicepage.com/Site_472219286/images/10210793.png","size":2435,"hash":"nlSn1voic/WQEz5d+3K3wXK5CFw=","fileName":"10210793.png","name":"10210793","width":128,"height":128,"thumbnail":{"url":"np://user.desktop.nicepage.com/Site_472219286/images/thumbnails/10210793.png","width":128,"height":128,"length":2435,"type":"png"},"usages":["75168578"]},{"id":"user-image-3992443.png","publicUrl":"np://user.desktop.nicepage.com/Site_472219286/images/3992443.png","size":3487,"hash":"oOT0QnE1q0dO71ZQ9qAkZ75DkUU=","fileName":"3992443.png","name":"3992443","width":128,"height":128,"thumbnail":{"url":"np://user.desktop.nicepage.com/Site_472219286/images/thumbnails/3992443.png","width":128,"height":128,"length":3487,"type":"png"},"usages":["75168578"]},{"id":"user-image-723041aab384acba0382c4f9557689febceb2ee2df66230aa440f30b9bb87d3c4ee90810640c55cd35c74a0fd6b9fdd18dc523e0a9dc52758592a6_1280.jpg","publicUrl":"np://user.desktop.nicepage.com/Site_472219286/images/723041aab384acba0382c4f9557689febceb2ee2df66230aa440f30b9bb87d3c4ee90810640c55cd35c74a0fd6b9fdd18dc523e0a9dc52758592a6_1280.jpg","size":150710,"hash":"B1eF5RcIpyCdP2Y8y7NcJ9k2HfI=","fileName":"723041aab384acba0382c4f9557689febceb2ee2df66230aa440f30b9bb87d3c4ee90810640c55cd35c74a0fd6b9fdd18dc523e0a9dc52758592a6_1280.jpg","name":"723041aab384acba0382c4f9557689febceb2ee2df66230aa440f30b9bb87d3c4ee90810640c55cd35c74a0fd6b9fdd18dc523e0a9dc52758592a6_1280","width":1280,"height":906,"thumbnail":{"url":"np://user.desktop.nicepage.com/Site_472219286/images/thumbnails/723041aab384acba0382c4f9557689febceb2ee2df66230aa440f30b9bb87d3c4ee90810640c55cd35c74a0fd6b9fdd18dc523e0a9dc52758592a6_1280.jpg","width":250,"height":177},"usages":["75168578"]}]